{
  "controller/Biometria.js": 1644439495200,
  "controller/Distribucion.js": 1644439495200,
  "utils/locate-reuse-libs.js": 1644426191632,
  "Service/UtilService.js": 1644273632657,
  "Service/TasaBackendService.js": 1644439495055,
  "Service/CoreService.js": 1644439495061,
  "model/textValidaciones.js": 1644273632709,
  "model/models.js": 1644439495061,
  "model/eventosModel.js": 1640625906414,
  "controller/Utils.js": 1644439184642,
  "controller/Siniestro.js": 1644439495061,
  "controller/PescaDescargada.js": 1644439495100,
  "controller/PescaDeclarada.js": 1644439495100,
  "controller/Marea.controller.js": 1644440079379,
  "controller/MainComp.controller.js": 1644439711807,
  "controller/Horometro.js": 1644439495200,
  "controller/General.js": 1644439495200,
  "controller/Evento.controller.js": 1644439711808,
  "controller/Equipamiento.js": 1644439495200,
  "manifest.json": 1644440091554,
  "i18n/i18n.properties": 1644439399279,
  "controller/Accidente.js": 1644439495200,
  "Component.js": 1644426634851,
  "manifest-bundle.zip": 1644440091564,
  "Component-preload.js": 1644440092693,
  "model/models-dbg.js": 1644439495061,
  "Service/UtilService-dbg.js": 1644273632657,
  "Service/TasaBackendService-dbg.js": 1644439495055,
  "Service/CoreService-dbg.js": 1644439495061,
  "model/textValidaciones-dbg.js": 1644273632709,
  "utils/locate-reuse-libs-dbg.js": 1644426191632,
  "model/eventosModel-dbg.js": 1640625906414,
  "controller/Utils-dbg.js": 1644439184642,
  "controller/Siniestro-dbg.js": 1644439495061,
  "controller/PescaDescargada-dbg.js": 1644439495100,
  "controller/PescaDeclarada-dbg.js": 1644439495100,
  "controller/Marea-dbg.controller.js": 1644440079379,
  "controller/MainComp-dbg.controller.js": 1644439711807,
  "controller/Horometro-dbg.js": 1644439495200,
  "controller/General-dbg.js": 1644439495200,
  "controller/Evento-dbg.controller.js": 1644439711808,
  "controller/Equipamiento-dbg.js": 1644439495200,
  "controller/Distribucion-dbg.js": 1644439495200,
  "controller/Biometria-dbg.js": 1644439495200,
  "controller/Accidente-dbg.js": 1644439495200,
  "Component-dbg.js": 1644426634851,
  "view/fragments/ReviewReserva.fragment.xml": 1644273632717,
  "view/fragments/NuevoSuministro.fragment.xml": 1644361261920,
  "view/fragments/NuevoEvento.fragment.xml": 1644273632717,
  "view/fragments/NuevoArmador.fragment.xml": 1644273632716,
  "view/fragments/NuevaReservaVenta.fragment.xml": 1644273632716,
  "view/fragments/NuevaMarea.fragment.xml": 1644359807601,
  "view/fragments/EventoFinalizado.fragment.xml": 1644273632716,
  "view/fragments/Embarcacion.fragment.xml": 1644273632715,
  "view/fragments/ConfirmMarea.fragment.xml": 1644273632715,
  "view/fragments/Confirm.fragment.xml": 1644273632715,
  "view/Marea.view.xml": 1644439797157,
  "view/Evento.view.xml": 1644439781922,
  "fragments/Siniestro.fragment.xml": 1641316429316,
  "fragments/Popup_Incidental.fragment.xml": 1641316406014,
  "fragments/Popup_especie_pescaDcl.fragment.xml": 1644273632708,
  "fragments/Popup_especie.fragment.xml": 1641316376751,
  "fragments/Popup_buscarDescargaCHD.fragment.xml": 1641316361805,
  "fragments/Popup_buscarDescarga.fragment.xml": 1644273632708,
  "fragments/PescaDescargada.fragment.xml": 1644273632706,
  "fragments/PescaDeclarada.fragment.xml": 1644273632706,
  "fragments/Horometro.fragment.xml": 1644273632706,
  "fragments/General_operacion.fragment.xml": 1644273632706,
  "fragments/General_fechas.fragment.xml": 1644273632705,
  "fragments/General_espera.fragment.xml": 1641316210723,
  "fragments/General_adicional.fragment.xml": 1641316194587,
  "fragments/General.fragment.xml": 1644273632705,
  "fragments/Equipamiento.fragment.xml": 1644273632705,
  "fragments/Distribucion.fragment.xml": 1644273632694,
  "fragments/CrearEventoEspera.fragment.xml": 1636461458950,
  "fragments/Confirm.fragment.xml": 1641316143674,
  "fragments/Biometria.fragment.xml": 1644273632694,
  "fragments/Accidente.fragment.xml": 1641316118426,
  "css/style.css": 1644439218474,
  "index.html": 1644426191630
}