<core:FragmentDefinition xmlns="sap.m" xmlns:core="sap.ui.core">

	<Panel id="0011" expandable="false">
		<content>
			<Table width="50rem" 
			noDataText="No data" 
			mode="None" 
			items="{eventos>/ListaEquipamiento}"
			showSeparators="All" 
			growing="true" 
			growingThreshold="20" 
			growingScrollToLoad="true" 
			class="sapUiResponsiveMargin">
				<infoToolbar>
					<Toolbar width="100%" height="auto" design="Auto" visible="false" enabled="true">
						<content>
							<Label text="Label" design="Standard" width="100%" required="false" textAlign="Begin" textDirection="Inherit" visible="true" />
						</content>
					</Toolbar>
				</infoToolbar>
				<headerToolbar />
				
				<columns>
					<Column width="8rem" hAlign="Left" vAlign="Middle" minScreenWidth="Phone" demandPopin="true" popinDisplay="Inline" mergeDuplicates="false">
						<header>
							<Text text="Equipamiento" width="auto" maxLines="1" wrapping="false" textAlign="Begin" textDirection="Inherit" visible="true" />
						</header>
						<footer />
					</Column>
					<Column width="auto" hAlign="Right" vAlign="Middle" minScreenWidth="Tablet" demandPopin="true" popinDisplay="Inline" mergeDuplicates="false">
						<header>
							<Text text="Descripción" width="auto" maxLines="1" wrapping="false" textAlign="Begin" textDirection="Inherit" visible="true" />
						</header>
						<footer />
					</Column>
					<Column width="auto" hAlign="Center" vAlign="Middle" minScreenWidth="Tablet" demandPopin="true" popinDisplay="Inline" mergeDuplicates="false">
						<header>
							<Text text="Uni. medida" width="auto" maxLines="1" wrapping="false" textAlign="Begin" textDirection="Inherit" visible="true" />
						</header>
						<footer />
					</Column>
					<Column width="auto" hAlign="Center" vAlign="Middle" minScreenWidth="Tablet" demandPopin="true" popinDisplay="Inline" mergeDuplicates="false">
						<header>
							<Text text="Cantidad" width="auto" maxLines="1" wrapping="false" textAlign="Begin" textDirection="Inherit" visible="true" />
						</header>
						<footer />
					</Column>
				</columns>
				<items>
					<ColumnListItem type="Inactive">
						<cells>
							<Text text="{eventos>CDEQP}" width="auto" maxLines="1" wrapping="false" textAlign="Begin" textDirection="Inherit" visible="true" />
							<Text text="{eventos>DSEQP}" width="auto" maxLines="1" wrapping="false" textAlign="Begin" textDirection="Inherit" visible="true" />
							<Text text="{eventos>DSUMD}" width="auto" maxLines="1" wrapping="false" textAlign="Begin" textDirection="Inherit" visible="true" />
							<Input value="{eventos>CNEPE}" type="Number" textAlign="Right" showValueHelp="false" enabled="{eventos>/enabledCantEquipamiento}" visible="true" width="auto" valueHelpOnly="false" required="false" valueStateText="Invalid entry" maxLength="0" />
						</cells>
					</ColumnListItem>
				</items>
			</Table>
		</content>
	</Panel>

</core:FragmentDefinition>