<core:FragmentDefinition xmlns="sap.m" xmlns:core="sap.ui.core">

	<Panel id="0010" expandable="false">
		<content>
			<Table id= "prue" width="45rem" noDataText="No data"
			 showSeparators="All" growing="true" 
			 items="{path:'eventos>/ListaHorometros',templateShareable:true}"
			 growingThreshold="20" growingScrollToLoad="true" class="sapUiResponsiveMargin">
				<infoToolbar>
					<Toolbar width="100%" height="auto" design="Auto" visible="false" enabled="true">
						<content>
							<Label text="Label" design="Standard" width="100%" required="false" textAlign="Begin" textDirection="Inherit" visible="true" />
						</content>
					</Toolbar>
				</infoToolbar>
				<headerToolbar />
				
				<columns>
					<Column width="20rem" hAlign="Left" vAlign="Middle" minScreenWidth="Phone" demandPopin="true" popinDisplay="Inline" mergeDuplicates="false">
						<header>
							<Text text="Tipo de Horometro" width="auto" maxLines="1" wrapping="false" textAlign="Begin" textDirection="Inherit" visible="true" />
						</header>
						<footer />
					</Column>
					<Column width="20rem" hAlign="Left" vAlign="Middle" minScreenWidth="Tablet" demandPopin="true" popinDisplay="Inline" mergeDuplicates="false">
						<header>
							<Text text="Lectura" width="auto" maxLines="1" wrapping="false" textAlign="Begin" textDirection="Inherit" visible="true" />
						</header>
						<footer />
					</Column>
					<Column width="5rem" hAlign="Center" vAlign="Middle" minScreenWidth="Tablet" demandPopin="true" popinDisplay="Inline" mergeDuplicates="false">
						<header>
							<Text text="Averiado" width="auto" maxLines="1" wrapping="false" textAlign="Begin" textDirection="Inherit" visible="true" />
						</header>
						<footer />
					</Column>
				</columns>
				<items>
					<ColumnListItem type="Inactive">
						<cells>
							<Text text="{eventos>descTipoHorom}" width="auto" maxLines="1" wrapping="false" textAlign="Begin" textDirection="Inherit" visible="true" />
							<Input value="{eventos>lectura}" valueState="{eventos>ValueSt}" textAlign="Right" type="Number" showValueHelp="false" enabled="{eventos>readOnly}" visible="true" width="auto" valueHelpOnly="false" required="false" maxLength="0" change=".validarLecturaHorom"/>
							<CheckBox text="" select="onCheckBoxSelected" editable="true" enabled="{eventos>/enabledAveriado}" selected="{eventos>Chk_averiado}" />
							<!-- <CheckBox text="" select="onCheckBoxSelected" editable="true" enabled="{eventos>/enabledAveriado}" selected="{=${eventos>averiado} === 'A' ? true : false }" /> -->
						</cells>
					</ColumnListItem>
				</items>
			</Table>
		</content>
	</Panel>

</core:FragmentDefinition>