
<core:FragmentDefinition xmlns:core="sap.ui.core"  xmlns="sap.m" xmlns:form="sap.ui.layout.form" xmlns:layout="sap.ui.layout">
    <Dialog contentWidth="100rem" horizontalScrolling="true" showHeader="true" state="None" stretch="false" title="Búsqueda de descarga" type="Standard" verticalScrolling="true">
        <content>
            <form:Form editable="true" visible="true">
                <form:title/>
                <form:formContainers>
                    <form:FormContainer visible="true">
                        <form:formElements>
                            <form:FormElement visible="true">
                                <form:label>
                                    <Label text="Matrícula" design="Standard" width="100%" required="false" textAlign="Begin" textDirection="Inherit" visible="true"/>
                                </form:label>
                                <form:fields>
                                    <Input id="pbdCHD_matricula" type="Text" showValueHelp="false" value="{modelReqPesca>/SearchPlanta/CDPTO}" enabled="true" visible="true" width="50%" valueHelpOnly="false" required="false" valueStateText="Invalid entry" maxLength="0"/>
                                </form:fields>
                            </form:FormElement>
                            <form:FormElement visible="true">
                                <form:label>
                                    <Label text="Nom. embarcacion" design="Standard" width="100%" required="false" textAlign="Begin" textDirection="Inherit" visible="true"/>
                                </form:label>
                                <form:fields>
                                    <Input id="pbdCHD_nom_embarcacion" type="Text" showValueHelp="false" value="{modelReqPesca>/SearchPlanta/CDPTO}" enabled="true" visible="true" width="50%" valueHelpOnly="false" required="false" valueStateText="Invalid entry" maxLength="0"/>
                                </form:fields>
                            </form:FormElement>
                            <form:FormElement visible="true">
                                <form:label>
                                    <Label text="Fecha y hora inicio" design="Standard" width="100%" required="false" textAlign="Begin" textDirection="Inherit" visible="true"/>
                                </form:label>
                                <form:fields>
                                    <DateTimePicker id="pbdCHD_fecha_inicio" value="" enabled="true" width="50%" displayFormat="medium" required="false" valueStateText="Invalid entry" visible="true" valueFormat="yyyyMMdd" />
                                </form:fields>
                            </form:FormElement>
                        </form:formElements>
                        <form:title/>
                        
                    </form:FormContainer>
                    <form:FormContainer visible="true">
                        <form:formElements>
                            <form:FormElement visible="true">
                                <form:label>
                                    <Label text="Cod. planta" design="Standard" width="100%" required="false" textAlign="Begin" textDirection="Inherit" visible="true"/>
                                </form:label>
                                <form:fields>
                                    <Input id="pbdCHD_cod_planta" type="Text" showValueHelp="false" value="{modelReqPesca>/SearchPlanta/WERKS}" enabled="true" visible="true" width="50%" valueHelpOnly="false" required="false" valueStateText="Invalid entry" maxLength="0"/>
                                </form:fields>
                            </form:FormElement>
                            <form:FormElement visible="true">
                                <form:label>
                                    <Label text="Nomb. planta" design="Standard" width="100%" required="false" textAlign="Begin" textDirection="Inherit" visible="true"/>
                                </form:label>
                                <form:fields>
                                    <Input id="pbdCHD_nom_planta" type="Text" showValueHelp="false" value="{modelReqPesca>/SearchPlanta/WERKS}" enabled="true" visible="true" width="50%" valueHelpOnly="false" required="false" valueStateText="Invalid entry" maxLength="0"/>
                                </form:fields>
                            </form:FormElement>
                            <form:FormElement visible="true">
                                    <form:label>
                                        <Label text="" design="Standard" width="100%" required="false" textAlign="Begin" textDirection="Inherit" visible="true"/>
                                    </form:label>
                                    <form:fields>
                                        <Button text="Buscar" type="Default" icon="sap-icon://search" iconFirst="true" width="50%" enabled="true" visible="true" iconDensityAware="false" press=".consultarDescarga"/>
                                    </form:fields>
                            </form:FormElement>
                        </form:formElements>
                        <form:title/>
                        
                    </form:FormContainer>
                    
                </form:formContainers>
                
                <form:layout>
                    <form:ResponsiveGridLayout adjustLabelSpan="false" columnsL="2" labelSpanL="3" columnsM="2" labelSpanM="2" labelSpanS="12"/>
                </form:layout>
            </form:Form>
            <Table noDataText="No data" mode="SingleSelect" showSeparators="All" growing="true" growingThreshold="20" growingScrollToLoad="true" class="sapUiSmallMargin"
            items="{path:'popup_descarga>/ListaDescargas', templateShareable:true}">
                <infoToolbar>
                    <Toolbar width="100%" height="auto" design="Auto" visible="false" enabled="true">
                        <content>
                            <Label text="Label" design="Standard" width="100%" required="false" textAlign="Begin" textDirection="Inherit" visible="true"/>
                        </content>
                    </Toolbar>
                </infoToolbar>
                <headerToolbar>
                    <OverflowToolbar width="auto" height="auto" design="Transparent" visible="true" enabled="true">
                        <content>
                            <ToolbarSpacer width=""/>
                            <OverflowToolbarButton text="Action" type="Default" icon="" iconFirst="true" width="auto" enabled="true" visible="true" iconDensityAware="false"/>
                            <OverflowToolbarButton text="Action" type="Default" icon="sap-icon://action-settings" iconFirst="true" width="auto" enabled="true" visible="true" iconDensityAware="false"/>
                        </content>
                    </OverflowToolbar>
                </headerToolbar>
                <columns>
                    <Column width="8rem" hAlign="Left" vAlign="Top" minScreenWidth="Phone" demandPopin="false" popinDisplay="Inline" mergeDuplicates="false">
                        <header>
                            <Text text="Nro. descarga" width="auto" maxLines="1" wrapping="false" textAlign="Begin" textDirection="Inherit" visible="true"/>
                        </header>
                        <footer/>
                    </Column>
                    <Column width="5rem" hAlign="Left" vAlign="Top" minScreenWidth="Tablet" demandPopin="true" popinDisplay="Inline" mergeDuplicates="false">
                        <header>
                            <Text text="Planta" width="auto" maxLines="1" wrapping="false" textAlign="Begin" textDirection="Inherit" visible="true"/>
                        </header>
                        <footer/>
                    </Column>
                    <Column width="10rem" hAlign="Left" vAlign="Top" minScreenWidth="Tablet" demandPopin="true" popinDisplay="Inline" mergeDuplicates="false">
                        <header>
                            <Text text="Nom. planta" width="auto" maxLines="1" wrapping="false" textAlign="Begin" textDirection="Inherit" visible="true"/>
                        </header>
                        <footer/>
                    </Column>
                    <Column width="10rem" hAlign="Left" vAlign="Top" minScreenWidth="Tablet" demandPopin="true" popinDisplay="Inline" mergeDuplicates="false">
                        <header>
                            <Text text="Matricula" width="auto" maxLines="1" wrapping="false" textAlign="Begin" textDirection="Inherit" visible="true"/>
                        </header>
                        <footer/>
                    </Column>
                    <Column width="10rem" hAlign="Left" vAlign="Top" minScreenWidth="Tablet" demandPopin="true" popinDisplay="Inline" mergeDuplicates="false">
                        <header>
                            <Text text="Nom. embarcacion" width="auto" maxLines="1" wrapping="false" textAlign="Begin" textDirection="Inherit" visible="true"/>
                        </header>
                        <footer/>
                    </Column>
                    <Column width="5rem" hAlign="Left" vAlign="Top" minScreenWidth="Tablet" demandPopin="true" popinDisplay="Inline" mergeDuplicates="false">
                        <header>
                            <Text text="Especie" width="auto" maxLines="1" wrapping="false" textAlign="Begin" textDirection="Inherit" visible="true"/>
                        </header>
                        <footer/>
                    </Column>
                    <Column width="10rem" hAlign="Left" vAlign="Top" minScreenWidth="Tablet" demandPopin="true" popinDisplay="Inline" mergeDuplicates="false">
                        <header>
                            <Text text="Cant. pesca" width="auto" maxLines="1" wrapping="false" textAlign="Begin" textDirection="Inherit" visible="true"/>
                        </header>
                        <footer/>
                    </Column>
                    <Column width="10rem" hAlign="Left" vAlign="Top" minScreenWidth="Tablet" demandPopin="true" popinDisplay="Inline" mergeDuplicates="false">
                        <header>
                            <Text text="Fecha/hora inicio" width="auto" maxLines="1" wrapping="false" textAlign="Begin" textDirection="Inherit" visible="true"/>
                        </header>
                        <footer/>
                    </Column>
                    <Column width="10rem" hAlign="Left" vAlign="Top" minScreenWidth="Tablet" demandPopin="true" popinDisplay="Inline" mergeDuplicates="false">
                        <header>
                            <Text text="Fecha/hora fin" width="auto" maxLines="1" wrapping="false" textAlign="Begin" textDirection="Inherit" visible="true"/>
                        </header>
                        <footer/>
                    </Column>
                    
                </columns>
                    
                <items>
                    <ColumnListItem type="Active">
                        <cells>
                            <layout:HorizontalLayout>
                                <layout:content/>
                            </layout:HorizontalLayout>
                            <layout:HorizontalLayout>
                                <layout:content/>
                            </layout:HorizontalLayout>
                            <layout:HorizontalLayout>
                                <layout:content/>
                            </layout:HorizontalLayout>
                            <layout:HorizontalLayout>
                                <layout:content/>
                            </layout:HorizontalLayout>
                            <layout:HorizontalLayout>
                                <layout:content/>
                            </layout:HorizontalLayout>
                            <layout:HorizontalLayout>
                                <layout:content/>
                            </layout:HorizontalLayout>
                            <layout:HorizontalLayout>
                                <layout:content/>
                            </layout:HorizontalLayout>
                            <layout:HorizontalLayout>
                                <layout:content/>
                            </layout:HorizontalLayout>
                        </cells>
                    </ColumnListItem>
                  
                        <ColumnListItem type="Active">
                            <cells>
                                
                                <Link text="{popup_descarga>NRDES}" press="_onpress_centrolinkreqpesca" ></Link>
                                <Text text="{popup_descarga>TICKE}" width="auto" maxLines="1" wrapping="false" textAlign="Begin" textDirection="Inherit" visible="true"/>
                                <Text text="{popup_descarga>CDTPC}" width="auto" maxLines="1" wrapping="false" textAlign="Begin" textDirection="Inherit" visible="true"/>
                                <Text text="{popup_descarga>CDPTA}" width="auto" maxLines="1" wrapping="false" textAlign="Begin" textDirection="Inherit" visible="true"/>
                                <Text text="{popup_descarga>DSPTA}" width="auto" maxLines="1" wrapping="false" textAlign="Begin" textDirection="Inherit" visible="true"/>
                                <Text text="{popup_descarga>CDEMB}" width="auto" maxLines="1" wrapping="false" textAlign="Begin" textDirection="Inherit" visible="true"/>
                                <Text text="{popup_descarga>NMEMB}" width="auto" maxLines="1" wrapping="false" textAlign="Begin" textDirection="Inherit" visible="true"/>
                                <Text text="{popup_descarga>CDSPC}" width="auto" maxLines="1" wrapping="false" textAlign="Begin" textDirection="Inherit" visible="true"/>
                                <Text text="{popup_descarga>DSSPC}" width="auto" maxLines="1" wrapping="false" textAlign="Begin" textDirection="Inherit" visible="true"/>
                                <Text text="{popup_descarga>CDLDS}" width="auto" maxLines="1" wrapping="false" textAlign="Begin" textDirection="Inherit" visible="true"/>     
                            </cells>
                        </ColumnListItem>
                    
                </items>
            </Table>
        </content>
        <beginButton/>
        <buttons>
            <Button text="Cancelar"
             type="Reject" icon="sap-icon://begin" iconFirst="true" width="auto" enabled="true" visible="true" iconDensityAware="false" press=".cerrarPopUpDescarga"/>
        </buttons>
        <customHeader/>
        <endButton/>
        <subHeader/>
    </Dialog>
</core:FragmentDefinition>
